,id,name,country,country_code,abbreviation,week,Year
0,sr:competitor:14898,"Heliovaara, Harri",Finland,FIN,HEL,32,2026
1,sr:competitor:637970,"Patten, Henry",Great Britain,GBR,PAT,32,2026
2,sr:competitor:16160,"Zeballos, Horacio",Argentina,ARG,ZEB,32,2026
3,sr:competitor:15568,"Granollers, Marcel",Spain,ESP,GRA,32,2026
4,sr:competitor:53785,"Skupski, Neal",Great Britain,GBR,SKU,32,2026
5,sr:competitor:95801,"Vavassori, Andrea",Italy,ITA,VAV,32,2026
6,sr:competitor:51836,"Arevalo, Marcelo",El Salvador,SLV,ARE,32,2026
7,sr:competitor:49363,"Pavic, Mate",Croatia,HRV,PAV,32,2026
8,sr:competitor:15310,"Bolelli, Simone",Italy,ITA,BOL,32,2026
9,sr:competitor:36593,"Krawietz, Kevin",Germany,DEU,KRA,32,2026
10,sr:competitor:52293,"Putz, Tim",Germany,DEU,PUT,32,2026
11,sr:competitor:52065,"Harrison, Christian",USA,USA,HAR,32,2026
12,sr:competitor:59131,"Glasspool, Lloyd",Great Britain,GBR,GLA,32,2026
13,sr:competitor:108099,"Cash, Julian",Great Britain,GBR,CAS,32,2026
14,sr:competitor:121182,"Guinard, Manuel",France,FRA,GUI,32,2026
15,sr:competitor:47295,"Andreozzi, Guido",Argentina,ARG,AND,32,2026
16,sr:competitor:16608,"Mektic, Nikola",Croatia,HRV,MEK,32,2026
17,sr:competitor:74173,"Salisbury, Joe",Great Britain,GBR,SAL,32,2026
18,sr:competitor:78793,"Miedler, Lucas",Austria,AUT,MIE,32,2026
19,sr:competitor:106349,"Reboul, Fabien",France,FRA,REB,32,2026
20,sr:competitor:106559,"Doumbia, Sadio",France,FRA,DOU,32,2026
21,sr:competitor:47966,"Olivetti, Albano",France,FRA,OLI,32,2026
22,sr:competitor:80665,"Polmans, Marc",Australia,AUS,POL,32,2026
23,sr:competitor:231090,"Arribage, Theo",France,FRA,ARR,32,2026
24,sr:competitor:14835,"Roger-Vasselin, Edouard",France,FRA,ROG,32,2026
25,sr:competitor:52202,"Nys, Hugo",Monaco,MCO,NYS,32,2026
26,sr:competitor:127646,"Cabral, Francisco",Portugal,PRT,CAB,32,2026
27,sr:competitor:22967,"Bhambri, Yuki",India,IND,BHA,32,2026
28,sr:competitor:44553,"Herbert, Pierre-Hugues",France,FRA,HER,32,2026
29,sr:competitor:838776,"Tracy, James",USA,USA,TRA,32,2026
30,sr:competitor:112969,"Schnaitter, Jakob",Germany,DEU,SCH,32,2026
31,sr:competitor:936355,"Wallner, Mark",Germany,DEU,WAL,32,2026
32,sr:competitor:70348,"Goransson, Andre",Sweden,SWE,GOR,32,2026
33,sr:competitor:59324,"Pavlasek, Adam",Czechia,CZE,PAV,32,2026
34,sr:competitor:114831,"Erler, Alexander",Austria,AUT,ERL,32,2026
35,sr:competitor:152900,"Rikl, Patrik",Czechia,CZE,RIK,32,2026
36,sr:competitor:112805,"Zielinski, Jan",Poland,POL,ZIE,32,2026
37,sr:competitor:25189,"Krajicek, Austin",USA,USA,KRA,32,2026
38,sr:competitor:76263,"Matos, Rafael",Brazil,BRA,MAT,32,2026
39,sr:competitor:111195,"Luz, Orlando",Brazil,BRA,LUZ,32,2026
40,sr:competitor:206889,"Galloway, Robert",USA,USA,GAL,32,2026
41,sr:competitor:231188,"Frantzen, Constantin",Germany,DEU,FRA,32,2026
42,sr:competitor:393598,"Cash, Robert",USA,USA,CAS,32,2026
43,sr:competitor:280601,"Oberleitner, Neil",Austria,AUT,OBE,32,2026
44,sr:competitor:16042,"Haase, Robin",Netherlands,NLD,HAA,32,2026
45,sr:competitor:204781,"Nouza, Petr",Czechia,CZE,NOU,32,2026
46,sr:competitor:62410,"Johnson, Luke",Great Britain,GBR,JOH,32,2026
47,sr:competitor:16124,"Melo, Marcelo",Brazil,BRA,MEL,32,2026
48,sr:competitor:23899,"King, Evan",USA,USA,KIN,32,2026
49,sr:competitor:234124,"Stevens, Bart",Netherlands,NLD,STE,32,2026
50,sr:competitor:234044,"Kirkov, Vasil",USA,USA,KIR,32,2026
51,sr:competitor:90798,"Halys, Quentin",France,FRA,HAL,32,2026
52,sr:competitor:52951,"Pel, David",Netherlands,NLD,PEL,32,2026
53,sr:competitor:14553,"Ram, Rajeev",USA,USA,RAM,32,2026
54,sr:competitor:66864,"Arends, Sander",Netherlands,NLD,ARE,32,2026
55,sr:competitor:16151,"Venus, Michael",New Zealand,NZL,VEN,32,2026
56,sr:competitor:52244,"Balaji, N. Sriram",India,IND,BAL,32,2026
57,sr:competitor:204495,"Vocel, Matej",Czechia,CZE,VOC,32,2026
58,sr:competitor:16992,"Willis, Marcus",Great Britain,GBR,WIL,32,2026
59,sr:competitor:81059,"Gille, Sander",Belgium,BEL,GIL,32,2026
60,sr:competitor:1020797,"Trhac, Patrik",USA,USA,TRH,32,2026
61,sr:competitor:15548,"Gonzalez, Maximo",Argentina,ARG,GON,32,2026
62,sr:competitor:38181,"Molteni, Andres",Argentina,ARG,MOL,32,2026
63,sr:competitor:287215,"Seggerman, Ryan",USA,USA,SEG,32,2026
64,sr:competitor:16573,"Demoliner, Marcelo",Brazil,BRA,DEM,32,2026
65,sr:competitor:243522,"Paul, Jakub",Switzerland,CHE,PAU,32,2026
66,sr:competitor:230186,"Verbeek, Sem",Netherlands,NLD,VER,32,2026
67,sr:competitor:17038,"Smith, John-Patrick",Australia,AUS,SMI,32,2026
68,sr:competitor:15588,"Rojer, Jean-Julien",Netherlands,NLD,ROJ,32,2026
69,sr:competitor:15305,"Gonzalez, Santiago",Mexico,MEX,GON,32,2026
70,sr:competitor:1015089,"Winegar, Theodore",USA,USA,WIN,32,2026
71,sr:competitor:422955,"Sanchez, Luca",France,FRA,SAN,32,2026
72,sr:competitor:56629,"Peers, John",Australia,AUS,PEE,32,2026
73,sr:competitor:39726,"Kubler, Jason",Australia,AUS,KUB,32,2026
74,sr:competitor:297448,"Kiger, Mac",USA,USA,KIG,32,2026
75,sr:competitor:180104,"Reymond, Arthur",France,FRA,REY,32,2026
76,sr:competitor:41475,"Arneodo, Romain",Monaco,MCO,ARN,32,2026
77,sr:competitor:108755,"Jebens, Hendrik",Germany,DEU,JEB,32,2026
78,sr:competitor:256001,"Ho, Ray",Chinese Taipei,TPE,RAY,32,2026
79,sr:competitor:263865,"Reynolds, Finn",New Zealand,NZL,REY,32,2026
80,sr:competitor:973963,"Watt, James",New Zealand,NZL,WAT,32,2026
81,sr:competitor:49306,"Reyes-Varela, Miguel Angel",Mexico,MEX,REY,32,2026
82,sr:competitor:296270,"Stevenson, David",Great Britain,GBR,STE,32,2026
83,sr:competitor:614090,"Pieczonka, Filip",Poland,POL,PIE,32,2026
84,sr:competitor:52263,"Hidalgo, Diego",Ecuador,ECU,HID,32,2026
85,sr:competitor:145936,"Kaliyanda Poonacha, Niki",India,IND,KAL,32,2026
86,sr:competitor:210736,"Lammons, Nathaniel",USA,USA,LAM,32,2026
87,sr:competitor:16198,"Escobar, Gonzalo",Ecuador,ECU,ESC,32,2026
88,sr:competitor:628034,"Kittay, Benjamin",USA,USA,KIT,32,2026
89,sr:competitor:16823,"Romboli, Fernando",Brazil,BRA,ROM,32,2026
90,sr:competitor:209202,"Chandrasekar, Anirudh",India,IND,CHA,32,2026
91,sr:competitor:240880,"Hilderbrand, Trey",USA,USA,HIL,32,2026
92,sr:competitor:59700,"Isaro, Pruchya",Thailand,THA,ISA,32,2026
93,sr:competitor:113889,"Liutarevich, Ivan",Neutral,,LIU,32,2026
94,sr:competitor:55989,"Withrow, Jackson",USA,USA,WIT,32,2026
95,sr:competitor:121032,"Stalder, Reese",USA,USA,STA,32,2026
96,sr:competitor:48646,"Barrientos, Nicolas",Colombia,COL,BAR,32,2026
97,sr:competitor:95923,"Paris, Joshua",Great Britain,GBR,PAR,32,2026
98,sr:competitor:272245,"Latinovic, Stefan",Serbia,SRB,LAT,32,2026
99,sr:competitor:145008,"Uesugi, Kaito",Japan,JPN,UES,32,2026
100,sr:competitor:45105,"Behar, Ariel",Uruguay,URY,BEH,32,2026
101,sr:competitor:548169,"Yuzuki, Takeru",Japan,JPN,YUZ,32,2026
102,sr:competitor:359602,"Musetti, Lorenzo",Italy,ITA,MUS,32,2026
103,sr:competitor:104847,"Sonego, Lorenzo",Italy,ITA,SON,32,2026
104,sr:competitor:90110,"Serdarusic, Nino",Croatia,HRV,SER,32,2026
105,sr:competitor:99377,"Kestelboim, Mariano",Argentina,ARG,KES,32,2026
106,sr:competitor:863319,"Fonseca, Joao",Brazil,BRA,FON,32,2026
107,sr:competitor:163538,"Donski, Alexander",Bulgaria,BGR,DON,32,2026
108,sr:competitor:188321,"Kovacevic, Aleksandar",USA,USA,KOV,32,2026
109,sr:competitor:113221,"Niklas-Salminen, Patrik",Finland,FIN,NIK,32,2026
110,sr:competitor:158912,"Vacherot, Valentin",Monaco,MCO,VAC,32,2026
111,sr:competitor:295508,"Vrbensky, Michael",Czechia,CZE,VRB,32,2026
112,sr:competitor:57163,"Zverev, Alexander",Germany,DEU,ZVE,32,2026
113,sr:competitor:63606,"Rinderknech, Arthur",France,FRA,RIN,32,2026
114,sr:competitor:98413,"Drzewiecki, Karol",Poland,POL,DRZ,32,2026
115,sr:competitor:71280,"Kokkinakis, Thanasi",Australia,AUS,KOK,32,2026
116,sr:competitor:405969,"Paulson, Andrew",Czechia,CZE,PAU,32,2026
117,sr:competitor:450383,"Harper, Cleeve",Canada,CAN,HAR,32,2026
118,sr:competitor:92845,"Goldhoff, George",USA,USA,GOL,32,2026
119,sr:competitor:42151,"Nam, Ji Sung",Republic of Korea,KOR,NAM,32,2026
120,sr:competitor:223868,"Matuszewski, Piotr",Poland,POL,MAT,32,2026
121,sr:competitor:310972,"Banthia, Siddhant",India,IND,BAN,32,2026
122,sr:competitor:37637,"Zeballos, Federico",Bolivia,BOL,ZEB,32,2026
123,sr:competitor:98981,"Jecan, Alexandru",Romania,ROU,JEC,32,2026
124,sr:competitor:808628,"Shelton, Ben",USA,USA,SHE,32,2026
125,sr:competitor:437794,"Heinonen, Adam",Sweden,SWE,HEI,32,2026
126,sr:competitor:505542,"Grevelius, Erik",Sweden,SWE,GRE,32,2026
127,sr:competitor:157396,"Veldheer, Mick",Netherlands,NLD,VEL,32,2026
128,sr:competitor:871495,"Michelsen, Alex",USA,USA,MIC,32,2026
129,sr:competitor:124708,"Cukierman, Daniel",Israel,ISR,CUK,32,2026
130,sr:competitor:233144,"Duda, Filip",Czechia,CZE,DUD,32,2026
131,sr:competitor:739643,"Loof, Thijmen",Netherlands,NLD,LOO,32,2026
132,sr:competitor:161220,"Pavel, Bogdan",Romania,ROU,PAV,32,2026
133,sr:competitor:112061,"Walkow, Szymon",Poland,POL,WAL,32,2026
134,sr:competitor:918463,"Bollipalli, Rithvik Choudary",India,IND,BOL,32,2026
135,sr:competitor:390480,"Watanabe, Seita",Japan,JPN,WAT,32,2026
136,sr:competitor:300540,"Machac, Tomas",Czechia,CZE,MAC,32,2026
137,sr:competitor:126622,"Ruehl, Tim",Germany,DEU,RUE,32,2026
138,sr:competitor:77011,"Martos Gornes, Sergio",Spain,ESP,MAR,32,2026
139,sr:competitor:111607,"Ingildsen, Johannes",Denmark,DNK,ING,32,2026
140,sr:competitor:60614,"Poljak, David",Czechia,CZE,POL,32,2026
141,sr:competitor:106755,"Rublev, Andrey",Neutral,,RUB,32,2026
142,sr:competitor:90080,"Khachanov, Karen",Neutral,,KHA,32,2026
143,sr:competitor:122368,"Griekspoor, Tallon",Netherlands,NLD,GRI,32,2026
144,sr:competitor:628218,"Karol, Milos",Slovakia,SVK,KAR,32,2026
145,sr:competitor:147104,"Romios, Matthew Christopher",Australia,AUS,ROM,32,2026
146,sr:competitor:380004,"Harper, Patrick",Australia,AUS,HAR,32,2026
147,sr:competitor:110707,"Pichler, David",Austria,AUT,PIC,32,2026
148,sr:competitor:16854,"Molchanov, Denys",Ukraine,UKR,MOL,32,2026
149,sr:competitor:25021,"Cervantes, Inigo",Spain,ESP,CER,32,2026
150,sr:competitor:76361,"Kadhe, Arjun",India,IND,KAD,32,2026
151,sr:competitor:73572,"Zormann, Marcelo",Brazil,BRA,ZOR,32,2026
152,sr:competitor:322589,"Pujol Navarro, Bruno",Spain,ESP,PUJ,32,2026
153,sr:competitor:54609,"Arias, Boris",Bolivia,BOL,ARI,32,2026
154,sr:competitor:628226,"Jans, Jarno",Netherlands,NLD,JAN,32,2026
155,sr:competitor:880089,"Pereira, Tiago",Portugal,PRT,PER,32,2026
156,sr:competitor:809324,"Pacheco Mendez, Rodrigo",Mexico,MEX,PAC,32,2026
157,sr:competitor:77653,"Cornea, Victor Vlad",Romania,ROU,COR,32,2026
158,sr:competitor:292414,"Winter Lopez, Benjamin",Spain,ESP,WIN,32,2026
159,sr:competitor:497320,"Visker, Niels",Netherlands,NLD,VIS,32,2026
160,sr:competitor:731833,"Kielan, Szymon",Poland,POL,KIE,32,2026
161,sr:competitor:660427,"Milavsky, Daniel",USA,USA,MIL,32,2026
162,sr:competitor:297502,"Bayldon, Blake",Australia,AUS,BAY,32,2026
163,sr:competitor:53759,"Prashanth, Vijay Sundar",India,IND,NVS,32,2026
164,sr:competitor:208123,"Maginley, Jody",Antigua and Barbuda,ATG,MAG,32,2026
165,sr:competitor:210592,"Ribeiro, Eduardo",Brazil,BRA,RIB,32,2026
166,sr:competitor:161448,"Jones, Ben",Great Britain,GBR,JON,32,2026
167,sr:competitor:853643,"Romano, Filippo",Italy,ITA,ROM,32,2026
168,sr:competitor:79223,"Delaney, Jake",Australia,AUS,DEL,32,2026
169,sr:competitor:63446,"Jung, Jason",Chinese Taipei,TPE,JUN,32,2026
170,sr:competitor:309954,"Droguet, Titouan",France,FRA,DRO,32,2026
171,sr:competitor:50148,"Puttergill, Calum",Australia,AUS,PUT,32,2026
172,sr:competitor:58877,"Ramanathan, Ramkumar",India,IND,RAM,32,2026
173,sr:competitor:272273,"Mansilla Diez, Mario",Spain,ESP,MAN,32,2026
174,sr:competitor:185434,"Rodriguez Taverna, Santiago",Argentina,ARG,ROD,32,2026
175,sr:competitor:25458,"Martinez, Luis David",Venezuela,VEN,MAR,32,2026
176,sr:competitor:38180,"Mena, Facundo",Argentina,ARG,MEN,32,2026
177,sr:competitor:210636,"Poling, Karl",USA,USA,POL,32,2026
178,sr:competitor:169496,"Etcheverry, Tomas Martin",Argentina,ARG,ETC,32,2026
179,sr:competitor:52260,"Vega Hernandez, David",Spain,ESP,VEG,32,2026
180,sr:competitor:202735,"Carou, Ignacio",Uruguay,URY,CAR,32,2026
181,sr:competitor:322801,"Kalender, Admir",Croatia,HRV,KAL,32,2026
182,sr:competitor:1128937,"Miguel, Luis Guto",Brazil,BRA,MIG,32,2026
183,sr:competitor:348308,"Sheehy, Joshua",USA,USA,SHE,32,2026
184,sr:competitor:299130,"Hijikata, Rinky",Australia,AUS,HIJ,32,2026
185,sr:competitor:168420,"Andrade, Andres",Ecuador,ECU,AND,32,2026
186,sr:competitor:44637,"Rodriguez, Cristian",Colombia,COL,ROC,32,2026
187,sr:competitor:534043,"Darderi, Luciano",Italy,ITA,DAR,32,2026
188,sr:competitor:927343,"Cadenasso, Gianluca",Italy,ITA,CAD,32,2026
189,sr:competitor:686911,"Poljicak, Mili",Croatia,HRV,POL,32,2026
190,sr:competitor:645442,"Genov, Anthony",Bulgaria,BGR,GEN,32,2026
191,sr:competitor:103625,"Geerts, Michael",Belgium,BEL,GEE,32,2026
192,sr:competitor:182086,"Bass, Finn",Great Britain,GBR,BAS,32,2026
193,sr:competitor:1025093,"Bianchi, Juan Jose",Venezuela,VEN,BIA,32,2026
194,sr:competitor:289021,"Charlton, Joshua",Australia,AUS,CHA,32,2026
195,sr:competitor:1020369,"Oliveira, Bruno (2002)",Brazil,BRA,OLI,32,2026
196,sr:competitor:127208,"Altmaier, Daniel",Germany,DEU,ALT,32,2026
197,sr:competitor:95939,"Whitehouse, Mark",Great Britain,GBR,WHI,32,2026
198,sr:competitor:96629,"Duncan, Scott",Great Britain,GBR,DUN,32,2026
199,sr:competitor:102339,"Van de Zandschulp, Botic",Netherlands,NLD,VAN,32,2026
200,sr:competitor:204117,"Ugo Carabelli, Camilo",Argentina,ARG,UGO,32,2026
201,sr:competitor:822192,"Poulsen, Oskar Brostrom",Denmark,DNK,POU,32,2026
202,sr:competitor:72420,"Merino, Alexander",Peru,PER,MER,32,2026
203,sr:competitor:100069,"Sachko, Vitaliy",Ukraine,UKR,SAC,32,2026
204,sr:competitor:53483,"Masur, Daniel",Germany,DEU,MAS,32,2026
205,sr:competitor:163540,"Hermans, Mats",Netherlands,NLD,HER,32,2026
206,sr:competitor:170976,"Ribero, Franco",Argentina,ARG,RIB,32,2026
207,sr:competitor:146040,"Gomez, Federico Agustin",Argentina,ARG,GOM,32,2026
208,sr:competitor:102151,"Tabilo, Alejandro",Chile,CHL,TAB,32,2026
209,sr:competitor:395828,"Saraiva Dos Santos, Paulo Andre",Brazil,BRA,SAR,32,2026
210,sr:competitor:443702,"Burruchaga, Roman Andres",Argentina,ARG,BUR,32,2026
211,sr:competitor:371448,"Llamas Ruiz, Pablo",Spain,ESP,LLA,32,2026
212,sr:competitor:305776,"Soto, Matias",Chile,CHL,SOT,32,2026
213,sr:competitor:193912,"Dev, S D Prajwal",India,IND,DEV,32,2026
214,sr:competitor:77501,"Wehnelt, Kai",Germany,DEU,WEH,32,2026
215,sr:competitor:407791,"Mackinlay, James",Great Britain,GBR,MAC,32,2026
216,sr:competitor:382058,"Jacquet, Kyrian",France,FRA,JAC,32,2026
217,sr:competitor:252239,"Forti, Francesco",Italy,ITA,FOR,32,2026
218,sr:competitor:181384,"Sinha, Nitin Kumar",India,IND,SIN,32,2026
219,sr:competitor:378220,"Huertas Del Pino Cordova, Arklon",Peru,PER,HUE,32,2026
220,sr:competitor:130442,"Rai, Ajeet",New Zealand,NZL,RAI,32,2026
221,sr:competitor:447733,"Hands, Tom",Great Britain,GBR,HAN,32,2026
222,sr:competitor:82157,"Marcondes, Igor",Brazil,BRA,MAR,32,2026
223,sr:competitor:55745,"Negritu, Christoph",Germany,DEU,NEG,32,2026
224,sr:competitor:319353,"Barry, Charles",Ireland,IRL,BAR,32,2026
225,sr:competitor:761136,"Basel, Valentin",Argentina,ARG,BAS,32,2026
226,sr:competitor:395890,"Magadan, Alan",Mexico,MEX,MAG,32,2026
227,sr:competitor:132558,"Kolar, Zdenek",Czechia,CZE,KOL,32,2026
228,sr:competitor:55293,"Sabanov, Ivan",Serbia,SRB,SAB,32,2026
229,sr:competitor:48225,"Dutra Da Silva, Daniel",Brazil,BRA,DUT,32,2026
230,sr:competitor:104917,"Vliegen, Joran",Belgium,BEL,VLI,32,2026
231,sr:competitor:588081,"Siniakov, Daniel",Czechia,CZE,SIN,32,2026
232,sr:competitor:84659,"Recek, Dominik",Czechia,CZE,REC,32,2026
233,sr:competitor:222628,"Ayeni, Alafia",USA,USA,AVE,32,2026
234,sr:competitor:58989,"Sabanov, Matej",Serbia,SRB,SAB,32,2026
235,sr:competitor:369630,"Strombachs, Robert",Latvia,LVA,STR,32,2026
236,sr:competitor:733153,"Cook, Ethan",Australia,AUS,COO,32,2026
237,sr:competitor:85877,"Villanueva, Gonzalo",Argentina,ARG,VIL,32,2026
238,sr:competitor:393518,"Azkara, Arda",Turkiye,TUR,AZK,32,2026
239,sr:competitor:111609,"Barroso Campos, Alberto",Spain,ESP,BAR,32,2026
240,sr:competitor:46259,"Neuchrist, Maximilian",Austria,AUT,NEU,32,2026
241,sr:competitor:94485,"Bonzi, Benjamin",France,FRA,BON,32,2026
242,sr:competitor:220590,"Huang, Tsung-Hao",Chinese Taipei,TPE,HUA,32,2026
243,sr:competitor:250231,"Shimizu, Yuta",Japan,JPN,SHI,32,2026
244,sr:competitor:170964,"Bittoun Kouzmine, Constantin",France,FRA,BIT,32,2026
245,sr:competitor:452787,"Kumar, Pranav",USA,USA,KUM,32,2026
246,sr:competitor:154490,"Pearson, Kody",Australia,AUS,PEA,32,2026
247,sr:competitor:287541,"Sweeny, Dane",Australia,AUS,SWE,32,2026
248,sr:competitor:809322,"Shick, Braden",USA,USA,SHI,32,2026
249,sr:competitor:49417,"Tu, Li",Australia,AUS,TUL,32,2026
250,sr:competitor:418253,"Sach, Tai Leonard",Australia,AUS,SAT,32,2026
251,sr:competitor:515510,"Heide, Gustavo",Brazil,BRA,HEI,32,2026
252,sr:competitor:24009,"Betov, Sergey",Neutral,,BET,32,2026
253,sr:competitor:256875,"Tirante, Thiago Agustin",Argentina,ARG,TIR,32,2026
254,sr:competitor:768772,"Bar Biryukov, Petr",Neutral,,BAR,32,2026
255,sr:competitor:200873,"Forcano Aparicio, Ignasi",Spain,ESP,FOR,32,2026
256,sr:competitor:381022,"Wendelken, Harry",Great Britain,GBR,WEN,32,2026
257,sr:competitor:175014,"Moutet, Corentin",France,FRA,MOU,32,2026
258,sr:competitor:339377,"Lehecka, Jiri",Czechia,CZE,LEH,32,2026
259,sr:competitor:122366,"Tsitsipas, Stefanos",Greece,GRC,TSI,32,2026
260,sr:competitor:255595,"Cerundolo, Francisco",Argentina,ARG,CER,32,2026
261,sr:competitor:179294,"Opitz, Jannik",Germany,DEU,OPI,32,2026
262,sr:competitor:389078,"Lalami Laaroussi, Younes",Morocco,MAR,LAL,32,2026
263,sr:competitor:81763,"Jacq, Gregoire",France,FRA,JAC,32,2026
264,sr:competitor:66086,"Kicker, Nicolas",Argentina,ARG,KIC,32,2026
265,sr:competitor:283759,"Chidekh, Clement",France,FRA,CHI,32,2026
266,sr:competitor:722431,"Mikrut, Luka",Croatia,HRV,MIK,32,2026
267,sr:competitor:723013,"Pokorny, Lukas",Slovakia,SVK,POK,32,2026
268,sr:competitor:221556,"Alves, Mateus",Brazil,BRA,ALV,32,2026
269,sr:competitor:303862,"Johns, Garrett",USA,USA,JOH,32,2026
270,sr:competitor:565070,"Monday, Johannus",Great Britain,GBR,MON,32,2026
271,sr:competitor:106395,"Ricca, Giorgio",Italy,ITA,RIC,32,2026
272,sr:competitor:116616,"Clarke, Jay",Great Britain,GBR,CLA,32,2026
273,sr:competitor:84671,"Britto, Luis",Brazil,BRA,BRI,32,2026
274,sr:competitor:69362,"Mansouri, Skander",Tunisia,TUN,MAN,32,2026
275,sr:competitor:229024,"Zahraj, Patrick",Germany,DEU,ZAH,32,2026
276,sr:competitor:46391,"Struff, Jan-Lennard",Germany,DEU,STR,32,2026
277,sr:competitor:47975,"Hanfmann, Yannick",Germany,DEU,HAN,32,2026
278,sr:competitor:145112,"Huesler, Marc-Andrea",Switzerland,CHE,HUE,32,2026
279,sr:competitor:125006,"Borges, Nuno",Portugal,PRT,BOR,32,2026
280,sr:competitor:564952,"Kusuhara, Yusuke",Japan,JPN,KUS,32,2026
281,sr:competitor:216502,"Broom, Charles",Great Britain,GBR,BRO,32,2026
282,sr:competitor:318187,"Slavic, Nikola",Sweden,SWE,SLA,32,2026
283,sr:competitor:682903,"Nakagawa, Shunsuke",Japan,JPN,NAK,32,2026
284,sr:competitor:220588,"Hsu, Yu Hsiou",Chinese Taipei,TPE,HSU,32,2026
285,sr:competitor:60920,"Nedunchezhiyan, Jeevan",India,IND,NED,32,2026
286,sr:competitor:369572,"Boulais, Justin",Canada,CAN,BOU,32,2026
287,sr:competitor:407785,"Murgett, Finn",Great Britain,GBR,MUR,32,2026
288,sr:competitor:515478,"Sakellaridis, Stefanos",Greece,GRC,SAK,32,2026
289,sr:competitor:873679,"Bondioli, Federico",Italy,ITA,BON,32,2026
290,sr:competitor:171072,"Hsu, Jeffrey Chuan En",Chinese Taipei,TPE,HSU,32,2026
291,sr:competitor:938667,"Schwaerzler, Joel",Austria,AUT,SCH,32,2026
292,sr:competitor:312440,"Thomson, Connor",Great Britain,GBR,THO,32,2026
293,sr:competitor:83263,"Santillan, Akira",Japan,JPN,SAN,32,2026
294,sr:competitor:412829,"Matsuda, Ryuki",Japan,JPN,MAT,32,2026
295,sr:competitor:202681,"Marrero Curbelo, Ivan",Spain,ESP,MAR,32,2026
296,sr:competitor:195458,"Added, Dan",France,FRA,ADD,32,2026
297,sr:competitor:154740,"Delaney, Jesse",Australia,AUS,DEL,32,2026
298,sr:competitor:63438,"McDonald, Mackenzie",USA,USA,MCD,32,2026
299,sr:competitor:43761,"Collarini, Andrea",Argentina,ARG,COL,32,2026
300,sr:competitor:64920,"Myneni, Saketh",India,IND,MYN,32,2026
301,sr:competitor:353548,"Hernandez, Alex",Mexico,MEX,HER,32,2026
302,sr:competitor:268441,"Gadamauri, Buvaysar",Belgium,BEL,GAD,32,2026
303,sr:competitor:99043,"Wang, Aoran",China,CHN,WAN,32,2026
304,sr:competitor:16409,"Ebden, Matthew",Australia,AUS,EBD,32,2026
305,sr:competitor:518742,"Westphal, Max",France,FRA,WES,32,2026
306,sr:competitor:284835,"Smith, Keegan",USA,USA,SMI,32,2026
307,sr:competitor:515498,"Rodrigues, Natan",Brazil,BRA,ROD,32,2026
308,sr:competitor:244388,"Kalyanpur, Adil",India,IND,KAL,32,2026
309,sr:competitor:1196859,"Suarez, Billy",USA,USA,SUA,32,2026
310,sr:competitor:458575,"Agostini, Simone",Italy,ITA,AGO,32,2026
311,sr:competitor:287543,"Hulme, Matt",Australia,AUS,HUL,32,2026
312,sr:competitor:161868,"Huertas Del Pino, Connor",Peru,PER,HUE,32,2026
313,sr:competitor:130494,"Neos, Eleftherios",Cyprus,CYP,NEO,32,2026
314,sr:competitor:119150,"Fancutt, Thomas",Australia,AUS,FAN,32,2026
315,sr:competitor:1080832,"Fuchs, Zachary",USA,USA,FUC,32,2026
316,sr:competitor:54975,"Casanova, Hernan",Argentina,ARG,CAS,32,2026
317,sr:competitor:866247,"Ratti, Lucio",Argentina,ARG,RAT,32,2026
318,sr:competitor:431697,"Torres, Tiago",Portugal,PRT,TOR,32,2026
319,sr:competitor:434058,"Boscardin Dias, Pedro",Brazil,BRA,BOS,32,2026
320,sr:competitor:207777,"Imamura, Masamichi",Japan,JPN,IMA,32,2026
321,sr:competitor:685379,"Ostapenkov, Daniil",Neutral,,OST,32,2026
322,sr:competitor:312728,"Stewart, Hamish",Great Britain,GBR,STE,32,2026
323,sr:competitor:1011445,"Exsted, Maxwell",USA,USA,EXS,32,2026
324,sr:competitor:951223,"Sanchez Quilez, Alejo",Spain,ESP,SAN,32,2026
325,sr:competitor:215778,"Izquierdo Luque, Rafael",Spain,ESP,IZQ,32,2026
326,sr:competitor:908699,"Bilardo, Jacopo",Italy,ITA,BIL,32,2026
327,sr:competitor:219398,"Park, Uisung",Republic of Korea,KOR,PAR,32,2026
328,sr:competitor:92667,"Castelnuovo, Luca",Switzerland,CHE,CAS,32,2026
329,sr:competitor:763106,"Barton, Hynek",Czechia,CZE,BAR,32,2026
330,sr:competitor:294300,"Nakashima, Brandon",USA,USA,NAK,32,2026
331,sr:competitor:682913,"Rocha, Henrique",Portugal,PRT,ROC,32,2026
332,sr:competitor:82133,"Dellien, Murkel",Bolivia,BOL,DEV,32,2026
333,sr:competitor:433906,"Couto Loureiro, Joao Victor",Brazil,BRA,COU,32,2026
334,sr:competitor:337607,"Yang, Zijiang",China,CHN,YAN,32,2026
335,sr:competitor:605854,"Maxted, Lui",Great Britain,GBR,MAX,32,2026
336,sr:competitor:635386,"Popovic, Stefan",Serbia,SRB,POP,32,2026
337,sr:competitor:376372,"Perez, Brandon",Venezuela,VEN,PER,32,2026
338,sr:competitor:312436,"Hudd, Emile",Great Britain,GBR,HUD,32,2026
339,sr:competitor:529399,"Papa, Christopher",USA,USA,PAP,32,2026
340,sr:competitor:840614,"Nagel, Arthur",France,FRA,NAG,32,2026
341,sr:competitor:228372,"Soriano Barrera, Adria",Colombia,COL,SOR,32,2026
342,sr:competitor:273883,"Rocha, Francisco",Portugal,PRT,ROC,32,2026
343,sr:competitor:301896,"Ovcharenko, Oleksandr",Ukraine,UKR,OVC,32,2026
344,sr:competitor:240264,"Reis Da Silva, Joao Lucas",Brazil,BRA,REI,32,2026
345,sr:competitor:180948,"Parizzia, Nicolas",Switzerland,CHE,PAR,32,2026
346,sr:competitor:530317,"Rincon, Daniel",Spain,ESP,RIN,32,2026
347,sr:competitor:353586,"Fenty, Andrew",USA,USA,FEN,32,2026
348,sr:competitor:124934,"Lomakin, Grigoriy",Kazakhstan,KAZ,LOM,32,2026
349,sr:competitor:215696,"Schell, Niklas",Germany,DEU,SCH,32,2026
350,sr:competitor:217192,"Ouakaa, Aziz",Tunisia,TUN,OUA,32,2026
351,sr:competitor:812360,"Sueoka, Yamato",Japan,JPN,SUE,32,2026
352,sr:competitor:494844,"Binda, Alexander",Italy,ITA,BIN,32,2026
353,sr:competitor:246745,"Tajima, Naoki",Japan,JPN,TAJ,32,2026
354,sr:competitor:305558,"Roncadelli, Franco",Uruguay,URY,RON,32,2026
355,sr:competitor:297608,"Hazawa, Shinji",Japan,JPN,HAZ,32,2026
356,sr:competitor:342826,"Trotter, James Kent",Japan,JPN,TRO,32,2026
357,sr:competitor:163438,"Sun, Fajing",China,CHN,SUN,32,2026
358,sr:competitor:224024,"Alvarez Varona, Nicolas",Spain,ESP,ALV,32,2026
359,sr:competitor:51345,"Damm Jr, Martin",USA,USA,DAM,32,2026
360,sr:competitor:48055,"Hsieh, Cheng-Peng",Chinese Taipei,TPE,HSI,32,2026
361,sr:competitor:223874,"Gaston, Hugo",France,FRA,GAS,32,2026
362,sr:competitor:972327,"Jodar, Rafael",Spain,ESP,JOD,32,2026
363,sr:competitor:675175,"McCabe, James",Australia,AUS,MCC,32,2026
364,sr:competitor:763108,"Mensik, Jakub",Czechia,CZE,MEN,32,2026
365,sr:competitor:337601,"Bu, Yunchaokete",China,CHN,YUN,32,2026
366,sr:competitor:671637,"Fils, Arthur",France,FRA,FIL,32,2026
367,sr:competitor:399637,"Cobolli, Flavio",Italy,ITA,COB,32,2026
368,sr:competitor:266711,"Pavlovic, Luka",France,FRA,PAV,32,2026
369,sr:competitor:163480,"Bublik, Alexander",Kazakhstan,KAZ,BUB,32,2026
370,sr:competitor:679481,"Hopper, James",Great Britain,GBR,HOP,32,2026
371,sr:competitor:580165,"Johansson, Oliver",Sweden,SWE,JOH,32,2026
372,sr:competitor:121668,"Meligeni Alves, Felipe",Brazil,BRA,MEL,32,2026
373,sr:competitor:387066,"Forejtek, Jonas",Czechia,CZE,FOR,32,2026
374,sr:competitor:414501,"Houkes, Max",Netherlands,NLD,HOU,32,2026
375,sr:competitor:43319,"Duran, Guillermo",Argentina,ARG,DUR,32,2026
376,sr:competitor:450343,"Hussey, Giles",Great Britain,GBR,HUS,32,2026
377,sr:competitor:342822,"Ichikawa, Taisei",Japan,JPN,ICH,32,2026
378,sr:competitor:441576,"De la Fuente, Santiago",Argentina,ARG,DLF,32,2026
379,sr:competitor:145122,"Martineau, Matteo",France,FRA,MAR,32,2026
380,sr:competitor:213234,"Ozdemir, S Mert",Turkiye,TUR,OZD,32,2026
381,sr:competitor:906831,"Vithoontien, Leo",Japan,JPN,VIT,32,2026
382,sr:competitor:396126,"Barnat, Jiri",Czechia,CZE,BAR,32,2026
383,sr:competitor:759758,"Sakellaridis, Dimitris",Greece,GRC,SAK,32,2026
384,sr:competitor:230152,"Zeuch, Tom",Germany,DEU,ZEU,32,2026
385,sr:competitor:373348,"Pucinelli de Almeida, Matheus",Brazil,BRA,PDA,32,2026
386,sr:competitor:141882,"Blancaneaux, Geoffrey",France,FRA,BLA,32,2026
387,sr:competitor:16852,"Uzhylovskyi, Volodoymyr",Ukraine,UKR,UZV,32,2026
388,sr:competitor:243478,"Vives Marcos, Pedro",Spain,ESP,VIV,32,2026
389,sr:competitor:403357,"Thayne, Wally",USA,USA,THA,32,2026
390,sr:competitor:833418,"Del Pino, Mateo",Argentina,ARG,DEL,32,2026
391,sr:competitor:312348,"Pankin, Semen",Neutral,,PAN,32,2026
392,sr:competitor:403285,"Zheng, Baoluo",China,CHN,ZHE,32,2026
393,sr:competitor:341188,"Justo, Guido Ivan",Argentina,ARG,JUS,32,2026
394,sr:competitor:212046,"de Jonge, Daniel",Netherlands,NLD,DE,32,2026
395,sr:competitor:93589,"Kellovsky, Dominik",Czechia,CZE,KEL,32,2026
396,sr:competitor:233184,"Glinka, Daniil",Estonia,EST,GLI,32,2026
397,sr:competitor:170946,"Bergs, Zizou",Belgium,BEL,BER,32,2026
398,sr:competitor:308834,"Schachter, Noah",USA,USA,SCH,32,2026
399,sr:competitor:177658,"Beauge, Maxence",France,FRA,BEA,32,2026
400,sr:competitor:978579,"Ghazouani Durand, Yanis",France,FRA,GHA,32,2026
401,sr:competitor:256393,"Kravchenko, Georgii",Ukraine,UKR,KRA,32,2026
402,sr:competitor:538457,"Chopra, Keshav",USA,USA,CHO,32,2026
403,sr:competitor:652290,"Ambrogi, Luciano Emanuel",Argentina,ARG,AMB,32,2026
404,sr:competitor:405977,"Schoolkate, Tristan",Australia,AUS,SCH,32,2026
405,sr:competitor:668817,"Shepp, Anton",New Zealand,NZL,SHE,32,2026
406,sr:competitor:18066,"Basic, Mirza",Bosnia & Herzegovina,BIH,BAS,32,2026
407,sr:competitor:126402,"Denolly, Corentin",France,FRA,DEN,32,2026
408,sr:competitor:350814,"Vankan, Marlon",Germany,DEU,VAN,32,2026
409,sr:competitor:138712,"Oradini, Giovanni",Italy,ITA,ORA,32,2026
410,sr:competitor:812862,"Homberg, Maximilian",Germany,DEU,HOM,32,2026
411,sr:competitor:197678,"Tsitsipas, Petros",Greece,GRC,TSI,32,2026
412,sr:competitor:212004,"Rodionov, Jurij",Austria,AUT,ROD,32,2026
413,sr:competitor:51100,"Roca Batalla, Oriol",Spain,ESP,ROC,32,2026
414,sr:competitor:686709,"Simakin, Ilia",Neutral,,SIM,32,2026
415,sr:competitor:750283,"Isomura, Kokoro",Japan,JPN,ISO,32,2026
416,sr:competitor:496346,"Stricker, Dominic",Switzerland,CHE,STR,32,2026
417,sr:competitor:228766,"Braynin, Aleksandr",Ukraine,UKR,BRA,32,2026
418,sr:competitor:93597,"Pellegrino, Andrea",Italy,ITA,PEL,32,2026
419,sr:competitor:121248,"Roveri Sidney, Gabriel",Brazil,BRA,ROV,32,2026
420,sr:competitor:345060,"Kingsley, Cannon",USA,USA,KIN,32,2026
421,sr:competitor:637610,"Overbeck, Carl Emil",Denmark,DNK,OVE,32,2026
422,sr:competitor:108767,"Hassan, Benjamin",Lebanon,LBN,HAS,32,2026
423,sr:competitor:604344,"Buse, Ignacio",Peru,PER,BUS,32,2026
424,sr:competitor:88992,"Muller, Alexandre",France,FRA,MUL,32,2026
425,sr:competitor:439480,"Pecak, Stepan",Czechia,CZE,PEC,32,2026
426,sr:competitor:155860,"Lock, Courtney John",Zimbabwe,ZWE,LOC,32,2026
427,sr:competitor:115239,"Kaukovalta, Patrick",Finland,FIN,KAU,32,2026
428,sr:competitor:96239,"Durasovic, Viktor",Norway,NOR,DUR,32,2026
429,sr:competitor:56361,"Sels, Jelle",Netherlands,NLD,SEL,32,2026
430,sr:competitor:180446,"Wessels, Louis",Germany,DEU,WES,32,2026
431,sr:competitor:797282,"Dumitru, Alexandru Cristian",Romania,ROU,DUM,32,2026
432,sr:competitor:654133,"Perego, Giulio",Italy,ITA,PER,32,2026
433,sr:competitor:65606,"Agamenone, Franco",Italy,ITA,AGA,32,2026
434,sr:competitor:82579,"Uchida, Kaichi",Japan,JPN,UCH,32,2026
435,sr:competitor:935773,"Cho, Seung Woo",Republic of Korea,KOR,CHO,32,2026
436,sr:competitor:952887,"Aguilar Cardozo, Joaquin",Uruguay,URY,AGU,32,2026
437,sr:competitor:681071,"Ganta, Sai Karteek Reddy",India,IND,GAN,32,2026
438,sr:competitor:135828,"Walters, Marcus",Great Britain,GBR,WAL,32,2026
439,sr:competitor:25726,"Gomez, Juan Sebastian",Colombia,COL,GOM,32,2026
440,sr:competitor:350440,"Zeng, Yaojie",China,CHN,ZEN,32,2026
441,sr:competitor:668903,"Falck, Reece",New Zealand,NZL,FAL,32,2026
442,sr:competitor:445313,"Sharma, Atharva",India,IND,SHA,32,2026
443,sr:competitor:160104,"Vance, Jamie",USA,USA,VAN,32,2026
444,sr:competitor:114885,"Nikles, Johan",Switzerland,CHE,NIK,32,2026
445,sr:competitor:540211,"Burdet, Adrien",Switzerland,CHE,BUR,32,2026
446,sr:competitor:627274,"Pel, Stijn",Netherlands,NLD,PEL,32,2026
447,sr:competitor:244783,"Lorusso, Lorenzo",Italy,ITA,LOR,32,2026
448,sr:competitor:210502,"Kopp, Sandro",Austria,AUT,KOP,32,2026
449,sr:competitor:609146,"Okonkwo, Oliver",Great Britain,GBR,OKO,32,2026
450,sr:competitor:904033,"Kumstat, Jan",Czechia,CZE,KUM,32,2026
451,sr:competitor:256481,"Marques, Diogo",Portugal,PRT,MAR,32,2026
452,sr:competitor:341218,"Colson, Tibo",Belgium,BEL,COL,32,2026
453,sr:competitor:603420,"Martin, Andres",USA,USA,MAR,32,2026
454,sr:competitor:440160,"Moroni, Filippo",Italy,ITA,MOR,32,2026
455,sr:competitor:844730,"Estevez, Juan",Argentina,ARG,EST,32,2026
456,sr:competitor:245343,"Zhu, Michael",USA,USA,ZHU,32,2026
457,sr:competitor:1027521,"de Lange, Pieter",Netherlands,NLD,DE,32,2026
458,sr:competitor:359608,"Maestrelli, Francesco",Italy,ITA,MAE,32,2026
459,sr:competitor:117866,"Mukund, Sasikumar",India,IND,MUK,32,2026
460,sr:competitor:844726,"Bozemoj, Brian",Netherlands,NLD,BOZ,32,2026
461,sr:competitor:641794,"Bouchelaghem, Cesar",France,FRA,BOU,32,2026
462,sr:competitor:457059,"Montes-de la Torre, Inaki",Spain,ESP,MON,32,2026
463,sr:competitor:373852,"Zink, Tyler",USA,USA,ZIN,32,2026
464,sr:competitor:783794,"Singh, Karan (IND)",India,IND,SIN,32,2026
465,sr:competitor:101157,"Rybakov, Alex",USA,USA,RYB,32,2026
466,sr:competitor:65576,"Sakamoto, Pedro",Brazil,BRA,SAK,32,2026
467,sr:competitor:251091,"Noguchi, Rio",Japan,JPN,NOG,32,2026
468,sr:competitor:1047289,"Sciahbasi, Matteo",Italy,ITA,SCI,32,2026
469,sr:competitor:87690,"Thompson, Jordan",Australia,AUS,THO,32,2026
470,sr:competitor:682911,"Faria, Jaime",Portugal,PRT,FAR,32,2026
471,sr:competitor:310974,"De Jong, Jesper",Netherlands,NLD,DEJ,32,2026
472,sr:competitor:263917,"Draxl, Liam",Canada,CAN,DRA,32,2026
473,sr:competitor:508496,"Wiskandt, Max",Germany,DEU,WIS,32,2026
474,sr:competitor:412813,"Martinez, Alex",Spain,ESP,MAR,32,2026
475,sr:competitor:614172,"Gannon, Conor",Ireland,IRL,GAN,32,2026
476,sr:competitor:439474,"Jermar, Jan",Czechia,CZE,JER,32,2026
477,sr:competitor:120956,"Alcantara, Francis Casey",Philippines,PHL,ALC,32,2026
478,sr:competitor:215492,"Cui, Jie",China,CHN,CUI,32,2026
479,sr:competitor:255601,"Tenti, Fermin",Argentina,ARG,TEN,32,2026
480,sr:competitor:457167,"Becroft, Isaac",New Zealand,NZL,BEC,32,2026
481,sr:competitor:902257,"Derepasko, Timofei",Neutral,,DER,32,2026
482,sr:competitor:79227,"Sinclair, Colin",Northern Mariana Islands,MNP,SIN,32,2026
483,sr:competitor:851761,"Miguel, Luis Felipe",Brazil,BRA,MIG,32,2026
484,sr:competitor:797330,"Maksimovic, Marko",Serbia,SRB,MAK,32,2026
485,sr:competitor:951299,"Tobon, Miguel",Colombia,COL,TOB,32,2026
486,sr:competitor:165234,"Vasa, Eero",Finland,FIN,VAS,32,2026
487,sr:competitor:353298,"van der Meerschen, Martin",Belgium,BEL,VAN,32,2026
488,sr:competitor:342976,"Jones, Alex",USA,USA,JON,32,2026
489,sr:competitor:342978,"Jones, Miles",USA,USA,JON,32,2026
490,sr:competitor:100317,"Turker, Mert Naci",Turkiye,TUR,TUR,32,2026
491,sr:competitor:258735,"Cerundolo, Juan Manuel",Argentina,ARG,CER,32,2026
492,sr:competitor:283349,"Suksumrarn, Thantub",Thailand,THA,SUK,32,2026
493,sr:competitor:283451,"Rodriguez, Lorenzo Joaquin",Argentina,ARG,ROD,32,2026
494,sr:competitor:645452,"Nesterov, Pyotr",Bulgaria,BGR,NES,32,2026
495,sr:competitor:518802,"Cigarran, Thiago",Argentina,ARG,CIG,32,2026
496,sr:competitor:622876,"Vallejo, Adolfo Daniel",Paraguay,PRY,VAL,32,2026
497,sr:competitor:498580,"Aboian, Valerio",Argentina,ARG,ABO,32,2026
498,sr:competitor:552469,"Agafonov, Egor",Neutral,,AGA,32,2026
499,sr:competitor:1111195,"Remondy Pagotto, Victor Hugo",Brazil,BRA,REM,32,2026
500,sr:competitor:72376,"Siniakova, Katerina",Czechia,CZE,SIN,32,2026
501,sr:competitor:51387,"Townsend, Taylor",USA,USA,TOW,32,2026
502,sr:competitor:43860,"Dabrowski, Gabriela",Canada,CAN,DAB,32,2026
503,sr:competitor:96075,"Stefani, Luisa",Brazil,BRA,STE,32,2026
504,sr:competitor:41524,"Krunic, Aleksandra",Serbia,SRB,KA,32,2026
505,sr:competitor:69718,"Danilina, Anna",Kazakhstan,KAZ,DAN,32,2026
506,sr:competitor:78551,"Mertens, Elise",Belgium,BEL,MER,32,2026
507,sr:competitor:19607,"Zhang, Shuai",China,CHN,ZHA,32,2026
508,sr:competitor:74949,"Routliffe, Erin",New Zealand,NZL,ROU,32,2026
509,sr:competitor:153652,"Guo, Hanyu",China,CHN,GUO,32,2026
510,sr:competitor:19202,"Errani, Sara",Italy,ITA,ERR,32,2026
511,sr:competitor:46084,"Melichar-Martinez, Nicole",USA,USA,MEL,32,2026
512,sr:competitor:33593,"Mladenovic, Kristina",France,FRA,MLA,32,2026
513,sr:competitor:69208,"Paolini, Jasmine",Italy,ITA,PAO,32,2026
514,sr:competitor:18936,"Hsieh, Su-Wei",Chinese Taipei,TPE,HSI,32,2026
515,sr:competitor:99131,"Bucsa, Cristina",Spain,ESP,BUC,32,2026
516,sr:competitor:64496,"Ostapenko, Jelena",Latvia,LVA,OST,32,2026
517,sr:competitor:18298,"Zvonareva, Vera",Neutral,,ZVO,32,2026
518,sr:competitor:119670,"Perez, Ellen",Australia,AUS,PER,32,2026
519,sr:competitor:37508,"Siegemund, Laura",Germany,DEU,SIE,32,2026
520,sr:competitor:45835,"Hunter, Storm",Australia,AUS,HUN,32,2026
521,sr:competitor:43547,"Aoyama, Shuko",Japan,JPN,AOY,32,2026
522,sr:competitor:50537,"Schuurs, Demi",Netherlands,NLD,SCH,32,2026
523,sr:competitor:208125,"Liang, En-Shuo",Chinese Taipei,TPE,LIA,32,2026
524,sr:competitor:43102,"Babos, Timea",Hungary,HUN,BAB,32,2026
525,sr:competitor:150122,"Jiang, Xinyu",China,CHN,JIA,32,2026
526,sr:competitor:51481,"Sutjiadi, Aldila",Indonesia,IDN,SUT,32,2026
527,sr:competitor:129714,"Nicholls, Olivia",Great Britain,GBR,NIC,32,2026
528,sr:competitor:142996,"Mihalikova, Tereza",Slovakia,SVK,MIH,32,2026
529,sr:competitor:19974,"Xu, Yifan",China,CHN,YIF,32,2026
530,sr:competitor:871583,"Andreeva, Mirra",Neutral,,AND,32,2026
531,sr:competitor:588071,"Shnaider, Diana",Neutral,,SHN,32,2026
532,sr:competitor:66968,"Kudermetova, Veronika",Neutral,,KUD,32,2026
533,sr:competitor:157672,"Stollar, Fanny",Hungary,HUN,STO,32,2026
534,sr:competitor:24431,"Panova, Alexandra",Neutral,,PAN,32,2026
535,sr:competitor:73542,"Gleason, Quinn",USA,USA,GLE,32,2026
536,sr:competitor:166124,"Olmos, Giuliana",Mexico,MEX,OLM,32,2026
537,sr:competitor:242602,"McNally, Caty",USA,USA,MCC,32,2026
538,sr:competitor:460837,"Tjen, Janice",Indonesia,IDN,TJE,32,2026
539,sr:competitor:47801,"Eikeri, Ulrikke",Norway,NOR,EIK,32,2026
540,sr:competitor:48625,"Chan, Hao-Ching",Chinese Taipei,TPE,CHA,32,2026
541,sr:competitor:19932,"Muhammad, Asia",USA,USA,MUH,32,2026
542,sr:competitor:64021,"Krawczyk, Desirae",USA,USA,KRA,32,2026
543,sr:competitor:47810,"Khromacheva, Irina",Neutral,,KHR,32,2026
544,sr:competitor:66432,"Kato, Miyu (1994)",Japan,JPN,KAT,32,2026
545,sr:competitor:41520,"Kichenok, Lyudmyla",Ukraine,UKR,KIC,32,2026
546,sr:competitor:128584,"Samsonova, Liudmila",Neutral,,SAM,32,2026
547,sr:competitor:776340,"Joint, Maya",Australia,AUS,JOI,32,2026
548,sr:competitor:69602,"Lumsden, Maia",Great Britain,GBR,LUM,32,2026
549,sr:competitor:19731,"Piter, Katarzyna",Poland,POL,PIT,32,2026
550,sr:competitor:67759,"Alexandrova, Ekaterina",Neutral,,ALE,32,2026
551,sr:competitor:108621,"Kempen, Magali",Belgium,BEL,KEM,32,2026
552,sr:competitor:182054,"Skoch, Miriam",Czechia,CZE,SKO,32,2026
553,sr:competitor:46428,"Maleckova, Jesika",Czechia,CZE,MAL,32,2026
554,sr:competitor:401055,"Noskova, Linda",Czechia,CZE,NOS,32,2026
555,sr:competitor:91960,"Kenin, Sofia",USA,USA,KEN,32,2026
556,sr:competitor:194106,"Tang, Qianhui",China,CHN,TAN,32,2026
557,sr:competitor:235252,"Kozyreva, Maria",Neutral,,KOZ,32,2026
558,sr:competitor:173748,"Detiuc, Anastasia",Czechia,CZE,DET,32,2026
559,sr:competitor:87090,"Chong, Eudice","Hong Kong, China",HKG,CHO,32,2026
560,sr:competitor:45915,"Yang, Zhaoxuan",China,CHN,YAN,32,2026
561,sr:competitor:215476,"Siskova, Anna",Czechia,CZE,SIS,32,2026
562,sr:competitor:182178,"Wu, Fang-Hsien",Chinese Taipei,TPE,FAN,32,2026
563,sr:competitor:373352,"Gauff, Coco",USA,USA,GAU,32,2026
564,sr:competitor:287769,"Kessler, McCartney",USA,USA,KES,32,2026
565,sr:competitor:60668,"Ninomiya, Makoto",Japan,JPN,NIN,32,2026
566,sr:competitor:70784,"Hozumi, Eri",Japan,JPN,HOZ,32,2026
567,sr:competitor:289507,"Fernandez, Leylah",Canada,CAN,FER,32,2026
568,sr:competitor:18965,"Klepac, Andreja",Slovenia,SVN,KLE,32,2026
569,sr:competitor:105463,"Bouzkova, Marie",Czechia,CZE,BOU,32,2026
570,sr:competitor:418583,"Haverlag, Isabelle",Netherlands,NLD,HAV,32,2026
571,sr:competitor:799304,"Pridankina, Elena",Neutral,,PRI,32,2026
572,sr:competitor:138452,"Shibahara, Ena",Japan,JPN,SHI,32,2026
573,sr:competitor:385206,"Radisic, Nika",Slovenia,SVN,RAD,32,2026
574,sr:competitor:92879,"Shymanovich, Iryna",Neutral,,SHY,32,2026
575,sr:competitor:303814,"Tikhonova, Anastasia",Neutral,,TIK,32,2026
576,sr:competitor:60398,"Krejcikova, Barbora",Czechia,CZE,KRE,32,2026
577,sr:competitor:252223,"Rakhimova, Kamilla",Uzbekistan,UZB,RAK,32,2026
578,sr:competitor:53789,"Dart, Harriet",Great Britain,GBR,DAR,32,2026
579,sr:competitor:44834,"Pegula, Jessica",USA,USA,PEG,32,2026
580,sr:competitor:135854,"Neel, Ingrid",Estonia,EST,NEE,32,2026
581,sr:competitor:92877,"Fossa Huergo, Nicole",Argentina,ARG,FOS,32,2026
582,sr:competitor:64085,"Pigossi, Laura",Brazil,BRA,PIG,32,2026
583,sr:competitor:914135,"Jovic, Iva",USA,USA,JOV,32,2026
584,sr:competitor:103901,"Ruse, Elena-Gabriela",Romania,ROU,RUS,32,2026
585,sr:competitor:272217,"Wang, Xinyu",China,CHN,WAN,32,2026
586,sr:competitor:44977,"Santamaria, Sabrina",USA,USA,SAN,32,2026
587,sr:competitor:52533,"Jakupovic, Dalila",Slovenia,SVN,JAK,32,2026
588,sr:competitor:360038,"Stearns, Peyton",USA,USA,STE,32,2026
589,sr:competitor:49682,"Kichenok, Nadiia",Ukraine,UKR,KIC,32,2026
590,sr:competitor:329535,"Tauson, Clara",Denmark,DNK,TAU,32,2026
591,sr:competitor:123824,"Dolehide, Caroline",USA,USA,DOL,32,2026
592,sr:competitor:534045,"Gibson, Talia",Australia,AUS,GIB,32,2026
593,sr:competitor:93657,"Karamoko, Naima",Switzerland,CHE,KAR,32,2026
594,sr:competitor:156040,"Cho, I-Hsuan",Chinese Taipei,TPE,CHO,32,2026
595,sr:competitor:210670,"Cho, Yi Tsen",Chinese Taipei,TPE,CHO,32,2026
596,sr:competitor:48451,"Cavalle-Reimers, Yvonne",Spain,ESP,CAV,32,2026
597,sr:competitor:72758,"Cristian, Jaqueline",Romania,ROU,CRI,32,2026
598,sr:competitor:71754,"Martins, Ingrid",Brazil,BRA,MAR,32,2026
599,sr:competitor:51943,"Strakhova, Valeriya",Ukraine,UKR,STR,32,2026
600,sr:competitor:448121,"Rogers, Anna",USA,USA,ROG,32,2026
601,sr:competitor:48486,"Gorgodze, Ekaterine",Georgia,GEO,GOR,32,2026
602,sr:competitor:67430,"Cascino, Estelle",France,FRA,CAS,32,2026
603,sr:competitor:143146,"Smith, Alana",USA,USA,SMI,32,2026
604,sr:competitor:189384,"Kulambayeva, Zhibek",Kazakhstan,KAZ,KUL,32,2026
605,sr:competitor:18251,"Williams, Venus",USA,USA,WIL,32,2026
606,sr:competitor:183957,"Kobori, Momoko",Japan,JPN,KOB,32,2026
607,sr:competitor:245673,"Feng, Shuo",China,CHN,FEN,32,2026
608,sr:competitor:129534,"Hruncakova, Viktoria",Slovakia,SVK,HRU,32,2026
609,sr:competitor:50915,"Plipuech, Peangtarn",Thailand,THA,PLI,32,2026
610,sr:competitor:628178,"Brooks, Madeleine",Great Britain,GBR,BRO,32,2026
611,sr:competitor:215806,"Hewitt, Dalayna",USA,USA,HEW,32,2026
612,sr:competitor:226306,"Corley, Ivana",USA,USA,COR,32,2026
613,sr:competitor:813176,"Mboko, Victoria",Canada,CAN,MBO,32,2026
614,sr:competitor:250285,"Falkowska, Weronika",Poland,POL,FAL,32,2026
615,sr:competitor:662257,"Havlickova, Lucie",Czechia,CZE,HAV,32,2026
616,sr:competitor:369524,"Erjavec, Veronika",Slovenia,SVN,ERJ,32,2026
617,sr:competitor:722877,"Ciric-Bagaric, Lucija",Croatia,HRV,CIR,32,2026
618,sr:competitor:345134,"Lee, Ya-Hsin",Chinese Taipei,TPE,LEE,32,2026
619,sr:competitor:49118,"Harrison, Catherine",USA,USA,HAR,32,2026
620,sr:competitor:119216,"Herrero Linana, Alicia",Spain,ESP,HER,32,2026
621,sr:competitor:105099,"Birrell, Kimberly",Australia,AUS,BIR,32,2026
622,sr:competitor:662615,"Salkova, Dominika",Czechia,CZE,SAL,32,2026
623,sr:competitor:60392,"Sorribes Tormo, Sara",Spain,ESP,SOR,32,2026
624,sr:competitor:70728,"Bhosale, Rutuja",India,IND,BHO,32,2026
625,sr:competitor:71034,"Sramkova, Rebecca",Slovakia,SVK,SRA,32,2026
626,sr:competitor:19728,"Cirstea, Sorana",Romania,ROU,CIR,32,2026
627,sr:competitor:233266,"Ovcharenko, Ekaterina",Neutral,,OVC,32,2026
628,sr:competitor:378340,"Corley, Carmen",USA,USA,COR,32,2026
629,sr:competitor:325837,"Sakellaridi, Sapfo",Greece,GRC,SAK,32,2026
630,sr:competitor:627278,"Eala, Alexandra",Philippines,PHL,EAL,32,2026
631,sr:competitor:453301,"Jorge, Matilde",Portugal,PRT,JOR,32,2026
632,sr:competitor:245295,"Waltert, Simona",Switzerland,CHE,WAL,32,2026
633,sr:competitor:870981,"Li, Yu-Yun",Chinese Taipei,TPE,YU-,32,2026
634,sr:competitor:195408,"Shimizu, Ayano",Japan,JPN,SHI,32,2026
635,sr:competitor:98523,"Ye, Qiu Yu",China,CHN,QIU,32,2026
636,sr:competitor:473609,"Kubka, Martyna",Poland,POL,KUB,32,2026
637,sr:competitor:805538,"Cross, Kayla",Canada,CAN,CRO,32,2026
638,sr:competitor:506786,"Zamarripa, Allura",USA,USA,ZAM,32,2026
639,sr:competitor:161270,"Salden, Lara",Belgium,BEL,SAL,32,2026
640,sr:competitor:42289,"Linette, Magda",Poland,POL,LIN,32,2026
641,sr:competitor:102637,"McAdoo, Rasheeda",USA,USA,MCA,32,2026
642,sr:competitor:52695,"Moratelli, Angelica",Italy,ITA,MOR,32,2026
643,sr:competitor:80427,"Osborne, Alexandra",Australia,AUS,OSB,32,2026
644,sr:competitor:517274,"Rajecki, Amelia",Great Britain,GBR,RAJ,32,2026
645,sr:competitor:1022815,"Akli, Ayana",USA,USA,AKL,32,2026
646,sr:competitor:211262,"Danilovic, Olga",Serbia,SRB,DAN,32,2026
647,sr:competitor:882091,"Valdmannova, Vendula",Czechia,CZE,VAL,32,2026
648,sr:competitor:278943,"Lansere, Sofya",Neutral,,LAN,32,2026
649,sr:competitor:88494,"Christie, Freya",Great Britain,GBR,CHR,32,2026
650,sr:competitor:168526,"Appleton, Emily",Great Britain,GBR,APP,32,2026
651,sr:competitor:98733,"Burillo Escorihuela, Irene",Spain,ESP,BUR,32,2026
652,sr:competitor:20158,"Webley-Smith, Emily",Great Britain,GBR,WEB,32,2026
653,sr:competitor:223862,"Laboutkova, Aneta",Czechia,CZE,LAB,32,2026
654,sr:competitor:59762,"Barnett, Alicia",Great Britain,GBR,BAR,32,2026
655,sr:competitor:290994,"Wong, Hong Yi Cody","Hong Kong, China",HKG,WON,32,2026
656,sr:competitor:203893,"Kucmova, Aneta",Czechia,CZE,KUC,32,2026
657,sr:competitor:64315,"Kuwata, Hiroko",Japan,JPN,KUW,32,2026
658,sr:competitor:111189,"Zarazua, Renata",Mexico,MEX,ZAR,32,2026
659,sr:competitor:152106,"Zaar, Lisa",Sweden,SWE,ZAA,32,2026
660,sr:competitor:46625,"Raina, Ankita",India,IND,RAI,32,2026
661,sr:competitor:880229,"Cayetano, Eryn",USA,USA,CAY,32,2026
662,sr:competitor:53288,"Silva, Eden",Great Britain,GBR,SIL,32,2026
663,sr:competitor:192108,"Yastremska, Dayana",Ukraine,UKR,YAS,32,2026
664,sr:competitor:319455,"Baptiste, Hailey",USA,USA,BAP,32,2026
665,sr:competitor:87834,"Hon, Priscilla",Australia,AUS,HON,32,2026
666,sr:competitor:278887,"Kostyuk, Marta",Ukraine,UKR,KOS,32,2026
667,sr:competitor:85077,"Muchova, Karolina",Czechia,CZE,MUC,32,2026
668,sr:competitor:69988,"Korpatsch, Tamara",Germany,DEU,KOR,32,2026
669,sr:competitor:568715,"Semenistaja, Darja",Latvia,LVA,SEM,32,2026
670,sr:competitor:222546,"Kuzmova, Katarina",Slovakia,SVK,KUZ,32,2026
671,sr:competitor:230108,"McGiffin, Tenika",Australia,AUS,MCG,32,2026
672,sr:competitor:52025,"Wang, Yafan",China,CHN,WAN,32,2026
673,sr:competitor:52183,"Bara, Irina Maria",Romania,ROU,BARA,32,2026
674,sr:competitor:246945,"Da Silva Fick, Gabriella",Australia,AUS,DA,32,2026
675,sr:competitor:448123,"Broadus, Savannah",USA,USA,BRO,32,2026
676,sr:competitor:226092,"Shimizu, Eri",Japan,JPN,SHI,32,2026
677,sr:competitor:142758,"Zhang, Ying",China,CHN,ZHA,32,2026
678,sr:competitor:71250,"Frech, Magdalena",Poland,POL,FRE,32,2026
679,sr:competitor:227486,"Zantedeschi, Aurora",Italy,ITA,ZAN,32,2026
680,sr:competitor:148276,"Zheng, Wushuang",China,CHN,ZHE,32,2026
681,sr:competitor:41877,"Yuan, Yue",China,CHN,YUA,32,2026
682,sr:competitor:150574,"Bondar, Anna",Hungary,HUN,BON,32,2026
683,sr:competitor:435794,"Zolotareva, Anastasia",Neutral,,ZOL,32,2026
684,sr:competitor:731441,"Vargova, Nina",Slovakia,SVK,VAR,32,2026
685,sr:competitor:406199,"Jacquemot, Elsa",France,FRA,JAC,32,2026
686,sr:competitor:141892,"Carle, Maria",Argentina,ARG,CAR,32,2026
687,sr:competitor:936009,"van Emst, Sarah",Netherlands,NLD,VAN,32,2026
688,sr:competitor:45827,"Lechemia, Elixane",France,FRA,LEC,32,2026
689,sr:competitor:807358,"Rakotomanga Rajaonah, Tiantsoa Sarah",France,FRA,RAK,32,2026
690,sr:competitor:208105,"Arango, Emiliana",Colombia,COL,ARA,32,2026
691,sr:competitor:750327,"Iatcenko, Polina",Neutral,,IAT,32,2026
692,sr:competitor:225130,"Starodubtseva, Yuliia",Ukraine,UKR,STA,32,2026
693,sr:competitor:731427,"Micic, Elena",Australia,AUS,MIC,32,2026
694,sr:competitor:378144,"Karatancheva, Lia",Bulgaria,BGR,KAR,32,2026
695,sr:competitor:70822,"Morisaki, Kanako",Japan,JPN,MOR,32,2026
696,sr:competitor:1020123,"Kovackova, Alena",Czechia,CZE,KOV,32,2026
697,sr:competitor:233478,"Bayerlova, Michaela",Czechia,CZE,BAY,32,2026
698,sr:competitor:256447,"Monnet, Carole",France,FRA,MON,32,2026
699,sr:competitor:264863,"Novak, Kristina",Slovenia,SVN,NOV,32,2026
700,sr:competitor:345070,"Arseneault, Ariana",Canada,CAN,ARS,32,2026
701,sr:competitor:112957,"Jeanjean, Leolia",France,FRA,JEA,32,2026
702,sr:competitor:282597,"Park, Sohyun",Republic of Korea,KOR,PAR,32,2026
703,sr:competitor:213144,"Lemaitre, Tiphanie",France,FRA,LEM,32,2026
704,sr:competitor:459317,"Nugroho, Priska Madelyn",Indonesia,IDN,NUG,32,2026
705,sr:competitor:353358,"Tran, Lian",Netherlands,NLD,TRA,32,2026
706,sr:competitor:382796,"Collins, Kylie",USA,USA,COL,32,2026
707,sr:competitor:254553,"Nagy, Adrienn",Hungary,HUN,NAG,32,2026
708,sr:competitor:256547,"Parks, Alycia",USA,USA,PAR,32,2026
709,sr:competitor:63220,"Ponchet, Jessika",France,FRA,PON,32,2026
710,sr:competitor:421379,"Rencheli, Abigail",USA,USA,REN,32,2026
711,sr:competitor:728507,"Dudeney, Alicia",Great Britain,GBR,DUD,32,2026
712,sr:competitor:842594,"Li, Zongyu",China,CHN,ZON,32,2026
713,sr:competitor:242630,"Osorio, Camila",Colombia,COL,OSO,32,2026
714,sr:competitor:387110,"Lacasse, Raphaelle",Canada,CAN,LAC,32,2026
715,sr:competitor:445421,"Selekhmeteva, Oksana",Neutral,,SEL,32,2026
716,sr:competitor:210558,"Jorge, Francisca",Portugal,PRT,JOR,32,2026
717,sr:competitor:225468,"Vagramov, Alexandra",Canada,CAN,VAG,32,2026
718,sr:competitor:59702,"Haddad Maia, Beatriz",Brazil,BRA,HAD,32,2026
719,sr:competitor:105063,"Gavrila, Oana",Romania,ROU,GAV,32,2026
720,sr:competitor:261583,"Li, Ann",USA,USA,ANN,32,2026
721,sr:competitor:66516,"Ayukawa, Mana",Japan,JPN,AYU,32,2026
722,sr:competitor:473937,"Reasco Gonzalez, Mell Elizabeth",Ecuador,ECU,REA,32,2026
723,sr:competitor:217912,"Andreescu, Bianca",Canada,CAN,AND,32,2026
724,sr:competitor:19655,"Niculescu, Monica",Romania,ROU,NIC,32,2026
725,sr:competitor:789688,"Ngounoue, Clervie",USA,USA,NGO,32,2026
726,sr:competitor:1222991,"Kovackova, Jana",Czechia,CZE,KOV,32,2026
727,sr:competitor:90664,"Kalinina, Anhelina",Ukraine,UKR,KAL,32,2026
728,sr:competitor:132412,"Fita Boluda, Angela",Spain,ESP,FIT,32,2026
729,sr:competitor:728549,"Valentova, Tereza",Czechia,CZE,VAL,32,2026
730,sr:competitor:19847,"Rus, Arantxa",Netherlands,NLD,RUS,32,2026
731,sr:competitor:1020859,"Pawlikowska,  Zuzanna",Poland,POL,PAW,32,2026
732,sr:competitor:47697,"Zheng, Saisai",China,CHN,ZHE,32,2026
733,sr:competitor:870983,"Saito, Sara",Japan,JPN,SAI,32,2026
734,sr:competitor:476218,"Kawaguchi, Natsumi",Japan,JPN,KAW,32,2026
735,sr:competitor:134532,"You, Xiaodi",China,CHN,YOU,32,2026
736,sr:competitor:137932,"Mikulskyte, Justina",Lithuania,LTU,MIK,32,2026
737,sr:competitor:380368,"Sebestova, Ivana",Czechia,CZE,SEB,32,2026
738,sr:competitor:1115539,"Panshina, Varvara",Neutral,,PAN,32,2026
739,sr:competitor:604242,"Dang, Yiming",China,CHN,DAN,32,2026
740,sr:competitor:431743,"Okutoyi, Angella",Kenya,KEN,OKU,32,2026
741,sr:competitor:341196,"Back, Dayeon",Republic of Korea,KOR,BAC,32,2026
742,sr:competitor:1017327,"Samson, Laura",Czechia,CZE,SAM,32,2026
743,sr:competitor:286435,"Gadecki, Olivia",Australia,AUS,GAD,32,2026
744,sr:competitor:340365,"Milovanovic, Elena",Serbia,SRB,MIL,32,2026
745,sr:competitor:152804,"Vondrousova, Marketa",Czechia,CZE,VON,32,2026
746,sr:competitor:745799,"Urgesi, Federica",Italy,ITA,URG,32,2026
747,sr:competitor:906635,"Shubladze, Alexandra",Neutral,,SHU,32,2026
748,sr:competitor:1027515,"Du Pree, Britt",Netherlands,NLD,DU,32,2026
749,sr:competitor:420819,"Shaikh, Hibah",USA,USA,SHA,32,2026
750,sr:competitor:98105,"Matoula, Martha",Greece,GRC,MAT,32,2026
751,sr:competitor:115507,"Bolsova, Aliona",Spain,ESP,BOL,32,2026
752,sr:competitor:624838,"Shi, Han",China,CHN,SHI,32,2026
753,sr:competitor:812476,"Zaytseva, Ksenia",Neutral,,ZAY,32,2026
754,sr:competitor:504238,"Sierra, Solana",Argentina,ARG,SIE,32,2026
755,sr:competitor:750329,"Candiotto, Ana",Brazil,BRA,CAN,32,2026
756,sr:competitor:676251,"Wuerth, Tara",Croatia,HRV,WUR,32,2026
757,sr:competitor:414533,"Abbagnato, Anastasia",Italy,ITA,ABB,32,2026
758,sr:competitor:122668,"Daniel, Jaeda",USA,USA,DAN,32,2026
759,sr:competitor:217036,"Malygina, Elena",Estonia,EST,MAL,32,2026
760,sr:competitor:501894,"Vidmanova, Darja",Czechia,CZE,VID,32,2026
761,sr:competitor:904005,"Ibragimova, Alevtina",Neutral,,IBR,32,2026
762,sr:competitor:494296,"Steur, Joelle Lilly Sophie",Germany,DEU,STE,32,2026
763,sr:competitor:356694,"Lee, Carol Young Suh",USA,USA,LEE,32,2026
764,sr:competitor:257691,"Hennemann, Caijsa Wilda",Sweden,SWE,HEN,32,2026
765,sr:competitor:567285,"Hietaranta, Laura",Finland,FIN,HIE,32,2026
766,sr:competitor:192130,"Blinkova, Anna",Neutral,,BLI,32,2026
767,sr:competitor:61526,"Thombare, Prarthana",India,IND,THO,32,2026
768,sr:competitor:299310,"Sonmez, Zeynep",Turkiye,TUR,SON,32,2026
769,sr:competitor:337813,"Riera, Julia",Argentina,ARG,RIE,32,2026
770,sr:competitor:515530,"Gomez Pezuela Cano, Marian",Mexico,MEX,GOM,32,2026
771,sr:competitor:979575,"Stojsavljevic, Mika",Great Britain,GBR,STO,32,2026
772,sr:competitor:244216,"Giavara, Haley",USA,USA,GIA,32,2026
773,sr:competitor:673491,"Szabo, Briana",Romania,ROU,SZA,32,2026
774,sr:competitor:315663,"Barry, Monique",New Zealand,NZL,BAR,32,2026
775,sr:competitor:221510,"Chiesa, Enola",Italy,ITA,CHI,32,2026
776,sr:competitor:202803,"Bakhmutkina, Polina",Neutral,,BAK,32,2026
777,sr:competitor:927441,"Paganetti, Vittoria",Italy,ITA,PAG,32,2026
778,sr:competitor:292540,"Matsuda, Misaki",Japan,JPN,MAT,32,2026
779,sr:competitor:448081,"Noha Akugue, Noma",Germany,DEU,NOH,32,2026
780,sr:competitor:496316,"Gimbrere, Jasmijn",Netherlands,NLD,GIM,32,2026
781,sr:competitor:679319,"Stoiana, Mary",USA,USA,STO,32,2026
782,sr:competitor:262701,"Hodzic, Mina",Germany,DEU,HOD,32,2026
783,sr:competitor:380396,"Kalieva, Elvina",USA,USA,KAL,32,2026
784,sr:competitor:870979,"Kinoshita, Hayu",Japan,JPN,KIN,32,2026
785,sr:competitor:827398,"Stankovic, Anja",Serbia,SRB,STA,32,2026
786,sr:competitor:868599,"McDonald, Ella",Great Britain,GBR,MCD,32,2026
787,sr:competitor:720627,"Senic, Natalija",Serbia,SRB,SEN,32,2026
788,sr:competitor:50655,"Friedsam, Anna-Lena",Germany,DEU,FRI,32,2026
789,sr:competitor:409673,"Zelnickova, Radka",Slovakia,SVK,ZEL,32,2026
790,sr:competitor:378226,"Crawley, Fiona",USA,USA,CRA,32,2026
791,sr:competitor:1020177,"Huang, Yujia",China,CHN,HUA,32,2026
792,sr:competitor:799662,"Lincer, Olivia",USA,USA,LIN,32,2026
793,sr:competitor:467037,"Kudermetova, Polina",Uzbekistan,UZB,KUD,32,2026
794,sr:competitor:890199,"Dencheva, Rositsa",Bulgaria,BGR,DEN,32,2026
795,sr:competitor:1008651,"Adams, Julia",USA,USA,ADA,32,2026
796,sr:competitor:171354,"Romero, Camila",Ecuador,ECU,ROM,32,2026
797,sr:competitor:45139,"Papamichail, Despina",Greece,GRC,PAP,32,2026
798,sr:competitor:104929,"Tona, Miriana",Italy,ITA,TON,32,2026
799,sr:competitor:209418,"Hoedt, Merel",France,FRA,HOE,32,2026
800,sr:competitor:300496,"Sawangkaew, Mananchaya",Thailand,THA,SAW,32,2026
801,sr:competitor:78785,"Rodriguez, Victoria",Mexico,MEX,ROD,32,2026
802,sr:competitor:62924,"Boulter, Katie",Great Britain,GBR,BOU,32,2026
803,sr:competitor:845268,"Korneeva, Alina",Neutral,,KOR,32,2026
804,sr:competitor:505580,"Sahdiieva, Anita",Ukraine,UKR,SAH,32,2026
805,sr:competitor:416473,"Reyngold, Ekaterina",Neutral,,REY,32,2026
806,sr:competitor:777872,"Bartashevich, Yara",France,FRA,BAR,32,2026
807,sr:competitor:447703,"Sato, Hikaru",Japan,JPN,SAT,32,2026
808,sr:competitor:106341,"Knutson, Gabriela",Czechia,CZE,KNU,32,2026
809,sr:competitor:41359,"Yashina, Ekaterina",Neutral,,YAS,32,2026
810,sr:competitor:118052,"Oz, Ipek",Turkiye,TUR,IPE,32,2026
811,sr:competitor:510530,"Abe, Hiromi",Japan,JPN,ABE,32,2026
812,sr:competitor:19520,"Maria, Tatjana",Germany,DEU,MAR,32,2026
813,sr:competitor:1052227,"Maduzzi, Gaia",Italy,ITA,MAD,32,2026
814,sr:competitor:833336,"Bertea, Elena Ruxandra",Romania,ROU,BER,32,2026
815,sr:competitor:858867,"Pace, Francesca",Italy,ITA,PAC,32,2026
816,sr:competitor:505974,"Nguyen Tan, Lucie",France,FRA,NGU,32,2026
817,sr:competitor:518748,"Rey Garcia, Alba",Spain,ESP,REY,32,2026
818,sr:competitor:577523,"Brantmeier, Reese",USA,USA,BRA,32,2026
819,sr:competitor:967949,"Adkar, Vaishnavi",India,IND,ADK,32,2026
820,sr:competitor:568103,"Tran, Demi",Netherlands,NLD,TRA,32,2026
821,sr:competitor:786310,"Moyano, Luciana",Argentina,ARG,MOY,32,2026
822,sr:competitor:209716,"Mansouri, Yasmine",France,FRA,MAN,32,2026
823,sr:competitor:373354,"Cocciaretto, Elisabetta",Italy,ITA,COC,32,2026
824,sr:competitor:496378,"Yamazaki, Ikumi",Japan,JPN,YAM,32,2026
825,sr:competitor:567551,"Cabezas Dominguez, Sofia Elena",Venezuela,VEN,CAB,32,2026
826,sr:competitor:675189,"Preston, Taylah",Australia,AUS,PRE,32,2026
827,sr:competitor:65610,"Wagner, Anita",Bosnia & Herzegovina,BIH,WAG,32,2026
828,sr:competitor:108857,"Lewis, Mary",USA,USA,LEW,32,2026
829,sr:competitor:286459,"Allen, Victoria",Great Britain,GBR,ALL,32,2026
830,sr:competitor:234398,"Nahimana, Sada",Burundi,BDI,NAH,32,2026
831,sr:competitor:215598,"Vedder, Eva",Netherlands,NLD,VED,32,2026
832,sr:competitor:517006,"Martinez Vaquero, Maria",Spain,ESP,MAR,32,2026
833,sr:competitor:289093,"Belgraver, Julie",France,FRA,BEL,32,2026
834,sr:competitor:319461,"Hu, Victoria",USA,USA,VIC,32,2026
835,sr:competitor:675193,"Costoulas, Sofia",Belgium,BEL,COS,32,2026
836,sr:competitor:47876,"Shinikova, Isabella",Bulgaria,BGR,SHI,32,2026
837,sr:competitor:111767,"Nepliy, Elina",Neutral,,NEP,32,2026
838,sr:competitor:918555,"Zeltina, Beatrise",Latvia,LVA,ZEL,32,2026
839,sr:competitor:242504,"Mattel, Marie",France,FRA,MAT,32,2026
840,sr:competitor:797346,"Zelinskaya, Daria",Neutral,,ZEL,32,2026
841,sr:competitor:52273,"Brady, Jennifer",USA,USA,BRA,32,2026
842,sr:competitor:201105,"Yuan, Chengyiyi",China,CHN,YUA,32,2026
843,sr:competitor:45545,"Putintseva, Yulia",Kazakhstan,KAZ,PUT,32,2026
844,sr:competitor:658439,"Khomutsianskaya, Daria",Neutral,,KHO,32,2026
845,sr:competitor:310984,"Sato, Naho",Japan,JPN,SAT,32,2026
846,sr:competitor:679485,"Tse, Elyse",New Zealand,NZL,TSE,32,2026
847,sr:competitor:297588,"Romero Gormaz, Leyre",Spain,ESP,ROM,32,2026
848,sr:competitor:933453,"Brockmann, Tessa Johanna",Germany,DEU,BRO,32,2026
849,sr:competitor:812502,"Xu, Mingge",Great Britain,GBR,MIN,32,2026
850,sr:competitor:195404,"Miyamoto, Ayumi",Japan,JPN,MIY,32,2026
851,sr:competitor:352784,"Adeshina, Esther",Great Britain,GBR,ADE,32,2026
852,sr:competitor:677411,"Barrera Aguirre, Isabella",USA,USA,BAR,32,2026
853,sr:competitor:37638,"Sema, Erika",Japan,JPN,SEM,32,2026
854,sr:competitor:111149,"Samir, Sandra",Egypt,EGY,SAM,32,2026
855,sr:competitor:849553,"Yao, Xinxin",China,CHN,YAO,32,2026
856,sr:competitor:51651,"Rosatello, Camilla",Italy,ITA,ROS,32,2026
857,sr:competitor:857871,"de Stefano, Samira",Italy,ITA,DE,32,2026
858,sr:competitor:762764,"Daems, Josy",Germany,DEU,DAE,32,2026
859,sr:competitor:143140,"Aney, Jessie",USA,USA,ANE,32,2026
860,sr:competitor:61922,"Drazic, Mariana",Croatia,HRV,DRA,32,2026
861,sr:competitor:801414,"Vandewinkel, Hanne",Belgium,BEL,VAN,32,2026
862,sr:competitor:99429,"Hule, Petra",Australia,AUS,HUL,32,2026
863,sr:competitor:227390,"Brancaccio, Nuria",Italy,ITA,BRA,32,2026
864,sr:competitor:120664,"Pedretti, Thaisa Grana",Brazil,BRA,PED,32,2026
865,sr:competitor:324677,"Fullana, Luiza",Brazil,BRA,FUL,32,2026
866,sr:competitor:164852,"Okalova, Martina",Slovakia,SVK,OKA,32,2026
867,sr:competitor:133080,"Hinojosa Gomez, Jessica",Mexico,MEX,HIN,32,2026
868,sr:competitor:138654,"Duerst, Jenny",Switzerland,CHE,DUE,32,2026
869,sr:competitor:206957,"Nagata, Anri",Japan,JPN,NAG,32,2026
870,sr:competitor:283489,"Imamura, Saki",Japan,JPN,IMA,32,2026
871,sr:competitor:133076,"Navarro Oliva, Maria Fernanda",Mexico,MEX,NAV,32,2026
872,sr:competitor:99405,"Inglis, Maddison",Australia,AUS,ING,32,2026
873,sr:competitor:337811,"Ortenzi, Jazmin",Argentina,ARG,ORT,32,2026
874,sr:competitor:41404,"Watson, Heather",Great Britain,GBR,WAT,32,2026
875,sr:competitor:348216,"Argyrokastriti, Marianne",Greece,GRC,ARG,32,2026
876,sr:competitor:932867,"Firman, Anastasiia",Ukraine,UKR,FIR,32,2026
877,sr:competitor:110299,"Zidansek, Tamara",Slovenia,SVN,ZID,32,2026
878,sr:competitor:86894,"Shinde, Vasanti",India,IND,SHI,32,2026
879,sr:competitor:154744,"Lee, Eunhye (2000)",Republic of Korea,KOR,LEE,32,2026
880,sr:competitor:171026,"Tsygourova, Katerina",Switzerland,CHE,TSY,32,2026
881,sr:competitor:790640,"Marcinko, Petra",Croatia,HRV,MAR,32,2026
882,sr:competitor:403329,"Toth, Amarissa Kiara",Hungary,HUN,TOT,32,2026
883,sr:competitor:586741,"Berecoechea, Nahia",France,FRA,BER,32,2026
884,sr:competitor:835864,"Podrez, Veronika",Ukraine,UKR,POD,32,2026
885,sr:competitor:179248,"Yoshioka, Kisa",Japan,JPN,YOS,32,2026
886,sr:competitor:41480,"Garcia Perez, Georgina",Spain,ESP,GAR,32,2026
887,sr:competitor:244184,"John-Baptiste, Lauryn",Great Britain,GBR,JOH,32,2026
888,sr:competitor:59213,"Perez Garcia, Maria Paulina",Colombia,COL,PER,32,2026
889,sr:competitor:915371,"van Den Broek, Isis Louise",Netherlands,NLD,VAN,32,2026
890,sr:competitor:513582,"Chaudhari, Vaidehi",India,IND,CHA,32,2026
891,sr:competitor:262023,"Wang, Meiling",China,CHN,WAN,32,2026
892,sr:competitor:233748,"El Jardi, Diae",Morocco,MAR,EL,32,2026
893,sr:competitor:78431,"Lodikova, Daria",Neutral,,LOD,32,2026
894,sr:competitor:586739,"Ambrosio, Silvia",Italy,ITA,AMB,32,2026
895,sr:competitor:60028,"Zeballos Melgar, Noelia",Bolivia,BOL,ZEM,32,2026
896,sr:competitor:965307,"Golovina, Maria",Neutral,,GOL,32,2026
897,sr:competitor:947289,"Goto, Reina",Japan,JPN,GOT,32,2026
898,sr:competitor:70970,"Bhatia, Riya",India,IND,BHA,32,2026
899,sr:competitor:49963,"Omae, Akiko",Japan,JPN,OMA,32,2026
900,sr:competitor:157368,"Kazionova, Ekaterina",Neutral,,KAZ,32,2026
901,sr:competitor:1098357,"Egorova, Daria",Neutral,,EGO,32,2026
902,sr:competitor:505998,"Zamarripa, Maribella",USA,USA,ZAM,32,2026
903,sr:competitor:227342,"Thompson, Belle",Australia,AUS,THO,32,2026
904,sr:competitor:341112,"Zakharova, Anastasia",Neutral,,ZAK,32,2026
905,sr:competitor:185412,"Labrana, Fernanda",Chile,CHL,LAB,32,2026
906,sr:competitor:129430,"Cervino Ruiz, Celia",Spain,ESP,CER,32,2026
907,sr:competitor:254551,"Udvardy, Panna",Hungary,HUN,UDV,32,2026
908,sr:competitor:341238,"Boehner, Laura",Germany,DEU,BOE,32,2026
909,sr:competitor:948061,"Gonzalez Daniele, Justina Maria",Argentina,ARG,GON,32,2026
910,sr:competitor:389048,"Weckerle, Marie",Luxembourg,LUX,WEC,32,2026
911,sr:competitor:18919,"Lepchenko, Varvara",USA,USA,LEP,32,2026
912,sr:competitor:315609,"Kraus, Sinja",Austria,AUT,KRA,32,2026
913,sr:competitor:79443,"Cabrera, Lizette",Australia,AUS,CAB,32,2026
914,sr:competitor:627510,"Im, Heerae",Republic of Korea,KOR,IM,32,2026
915,sr:competitor:55793,"Chiesa, Deborah",Italy,ITA,CHI,32,2026
916,sr:competitor:673521,"Vogt, Marie",Germany,DEU,VOG,32,2026
917,sr:competitor:620340,"Korokozidi, Elena",Greece,GRC,KOR,32,2026
918,sr:competitor:739667,"Pedone, Giorgia",Italy,ITA,PED,32,2026
919,sr:competitor:406401,"Ivanov, Valentina",New Zealand,NZL,IVA,32,2026
920,sr:competitor:515432,"Ruggeri, Jennifer",Italy,ITA,RUG,32,2026
921,sr:competitor:770242,"Basiletti, Noemi",Italy,ITA,BAS,32,2026
922,sr:competitor:858079,"Bulatova, Arina",Neutral,,BUL,32,2026
923,sr:competitor:955421,"Stusek, Julia",Germany,DEU,STU,32,2026
924,sr:competitor:121760,"Anshba, Amina",Neutral,,ANS,32,2026
925,sr:competitor:217056,"Cortez Llorca, Lucia",Spain,ESP,COR,32,2026
926,sr:competitor:513666,"Stevens, Amy",Australia,AUS,STE,32,2026
927,sr:competitor:244985,"Lahey, Ashley",USA,USA,LAH,32,2026
928,sr:competitor:938103,"Hamilton, Alanis",USA,USA,HAM,32,2026
929,sr:competitor:46661,"Gamiz, Andrea",Venezuela,VEN,GAM,32,2026
930,sr:competitor:771430,"Naef, Celine",Switzerland,CHE,NAE,32,2026
931,sr:competitor:1045543,"Bennemann, Eva",Germany,DEU,BEN,32,2026
932,sr:competitor:234150,"Potapova, Anastasia",Austria,AUT,POT,32,2026
933,sr:competitor:783792,"Kabbaj, Yasmine",Morocco,MAR,KAB,32,2026
934,sr:competitor:875507,"Voloshchuk, Angelina",Portugal,PRT,VOL,32,2026
935,sr:competitor:59662,"Sanchez, Ana Sofia",Mexico,MEX,SAN,32,2026
936,sr:competitor:960043,"Zolotareva, Rada",Neutral,,ZOL,32,2026
937,sr:competitor:836764,"Lim, Jenny",France,FRA,LIM,32,2026
938,sr:competitor:743423,"Cirotte, Astrid",France,FRA,CIR,32,2026
939,sr:competitor:169960,"Leon, Sabastiani",Mexico,MEX,LEO,32,2026
940,sr:competitor:71284,"Bains, Naiktha",Great Britain,GBR,BAI,32,2026
941,sr:competitor:273849,"Voracek, Eva Marie",Germany,DEU,VOR,32,2026
942,sr:competitor:120722,"Alhussein Abdel Aziz, Lamis",Egypt,EGY,ALH,32,2026
943,sr:competitor:395740,"Bhamidipaty, Shrivalli Rashmikaa",India,IND,BHA,32,2026
944,sr:competitor:373362,"Gerald Gonzalez, Jimar Geraldine",Chile,CHL,GER,32,2026
945,sr:competitor:341216,"Charaeva, Alina",Neutral,,CHA,32,2026
946,sr:competitor:813490,"Hobgarski, Katharina",Germany,DEU,HOB,32,2026
947,sr:competitor:196552,"Villet, Marie",France,FRA,VIL,32,2026
948,sr:competitor:628190,"Sobolieva, Anastasiia",Ukraine,UKR,SOB,32,2026
949,sr:competitor:165866,"Miyazaki, Yuriko Lily",Great Britain,GBR,MIY,32,2026
950,sr:competitor:1116289,"Leme Da Silva, Nauhany Vitoria",Brazil,BRA,LEM,32,2026
951,sr:competitor:1020179,"Zhu, Chenting",China,CHN,ZHU,32,2026
952,sr:competitor:898261,"Yesypchuk, Daria",Ukraine,UKR,YES,32,2026
953,sr:competitor:535801,"Schunk, Nastasja",Germany,DEU,SCH,32,2026
954,sr:competitor:282057,"Guo, Meiqi",China,CHN,GUO,32,2026
955,sr:competitor:842634,"Feistel, Gina",Poland,POL,FEI,32,2026
956,sr:competitor:280989,"Kawamura, Mana",Japan,JPN,KAW,32,2026
957,sr:competitor:869687,"Matsuda, Rinko",Japan,JPN,MAT,32,2026
958,sr:competitor:128638,"Sebov, Katherine",Canada,CAN,SEB,32,2026
959,sr:competitor:132370,"Kasatkina, Daria",Australia,AUS,KAS,32,2026
960,sr:competitor:179146,"Kalinskaya, Anna",Neutral,,KAL,32,2026
961,sr:competitor:1164921,"Lombardini, Marta",Italy,ITA,LOM,32,2026
962,sr:competitor:83607,"Capurro Taborda, Martina",Argentina,ARG,CAP,32,2026
963,sr:competitor:911661,"de Zeeuw, Joy",Netherlands,NLD,DE,32,2026
964,sr:competitor:329009,"Ryser, Valentina",Switzerland,CHE,RYS,32,2026
965,sr:competitor:113079,"Grabher, Julia",Austria,AUT,GRA,32,2026
966,sr:competitor:915635,"Zhiyenbayeva, Sonja",Kazakhstan,KAZ,ZHI,32,2026
967,sr:competitor:405105,"Evans, Kailey",USA,USA,EVA,32,2026
968,sr:competitor:904237,"Kim, Eunchae",Republic of Korea,KOR,KIM,32,2026
969,sr:competitor:1073106,"Alicea, Samantha",USA,USA,ALI,32,2026
970,sr:competitor:360054,"Allen, Kolie",USA,USA,ALL,32,2026
971,sr:competitor:840734,"Walker, Brandy",USA,USA,WAL,32,2026
972,sr:competitor:1279439,"Breaz, Alesia",Romania,ROU,BRE,32,2026
973,sr:competitor:382264,"Tanguilig, Carson",USA,USA,TAN,32,2026
974,sr:competitor:315623,"Wang, Jiaqi",China,CHN,WAN,32,2026
975,sr:competitor:152708,"Brune Olsen, Astrid Wanja",Norway,NOR,BRU,32,2026
976,sr:competitor:786086,"Arystanbekova, Asylzhan",Kazakhstan,KAZ,ARY,32,2026
977,sr:competitor:1038811,"Dyussebay, Ingkar",Kazakhstan,KAZ,DYU,32,2026
978,sr:competitor:48455,"Golubic, Viktorija",Switzerland,CHE,GOL,32,2026
979,sr:competitor:82609,"Grammatikopoulou, Valentini",Greece,GRC,GRA,32,2026
980,sr:competitor:822586,"Munk Mortensen, Rebecca",Denmark,DNK,MUN,32,2026
981,sr:competitor:518838,"Yang, Ya Yi",Chinese Taipei,TPE,YAN,32,2026
982,sr:competitor:208229,"Ngounoue, Malkia",USA,USA,NGO,32,2026
983,sr:competitor:784280,"Prozorova, Tatiana",Neutral,,PRO,32,2026
984,sr:competitor:23082,"Rodionova, Arina",Australia,AUS,ROD,32,2026
985,sr:competitor:788274,"Rokusek, Sarah",Australia,AUS,ROK,32,2026
986,sr:competitor:915657,"Hejtmanek, Amelie Justine",Czechia,CZE,HEJ,32,2026
987,sr:competitor:447759,"Katsumi, Nanari",Japan,JPN,KAT,32,2026
988,sr:competitor:310982,"Naklo, Thasaporn",Thailand,THA,NAK,32,2026
989,sr:competitor:63682,"Lazaro Garcia, Andrea",Spain,ESP,LAZ,32,2026
990,sr:competitor:46650,"Kolb, Nadiia",Ukraine,UKR,KOL,32,2026
991,sr:competitor:107327,"In-Albon, Ylena",Switzerland,CHE,IN-,32,2026
992,sr:competitor:450331,"Granwehr, Alina",Switzerland,CHE,GRA,32,2026
993,sr:competitor:972259,"Todoni, Cristiana Nicoleta",Romania,ROU,TOD,32,2026
994,sr:competitor:72634,"Ozeki, Michika",Japan,JPN,OZE,32,2026
995,sr:competitor:1073852,"Goncharova, Anastasia",USA,USA,GON,32,2026
996,sr:competitor:1073856,"Tattini, Madison",USA,USA,TAT,32,2026
997,sr:competitor:226170,"Urrutia, Maria Florencia",Argentina,ARG,URR,32,2026
998,sr:competitor:153744,"Pereira, Rebeca",Brazil,BRA,PER,32,2026
999,sr:competitor:448089,"Dittmann, Gina Marie",Germany,DEU,DIT,32,2026
